Scale,Default,AbbrS,ScaleName,ScaleOrder,TotalArea,FRACsea,Temp,C.OHrad,AEROSOLdeprate,FRACcldw,NumConcNuc,NumConcAcc,NumConcCP,ScaleIsGlobal,RAINrate,dischargeFRAC,TAUsea,FRACtwet,SettlVelocitywater,FRACinf,twet,tdry,COLLECTeff,WINDspeed
Arctic,1,A,Arctic,3,42500000000000,0.6,263,500000,0.001,3e-7,3200000000,2900000000,300000,TRUE,250,NA,4752000,1,2.89e-5,0.25,0.210638298,3.3,200000,3
Continental,1,C,Continental,2,7428820000000,0.5,285,500000,0.001,3e-7,3200000000,2900000000,300000,FALSE,700,0,31536000,1,2.89e-5,0.25,0.210638298,3.3,200000,3
Moderate,1,M,Moderate,4,85000000000000,0.5,285,500000,0.001,3e-7,3200000000,2900000000,300000,TRUE,700,NA,4752000,1,2.89e-5,0.25,0.210638298,3.3,200000,3
Regional,1,R,Regional,1,229570000000,0.00435597,285,500000,0.001,3e-7,3200000000,2900000000,300000,FALSE,700,0,NA,1,2.89e-5,0.25,0.210638298,3.3,200000,3
Tropic,1,T,Tropic,5,127500000000000,0.7,298,500000,0.001,3e-7,3200000000,2900000000,300000,TRUE,1300,NA,4752000,1,2.89e-5,0.25,0.210638298,3.3,200000,3
